,accuracy,maxDepth,maxBins
0,0.48363303387870626,5.0,10.0
1,0.46728927970085005,5.0,20.0
2,0.4739653629270258,5.0,30.0
3,0.5762157535355596,10.0,10.0
4,0.5750087013350037,10.0,20.0
5,0.5744436852629192,10.0,30.0
