,lr,rf,dt,nb
politics,0.4881946966945151,0.5398608881754949,0.6182585115998794,0.3721058434399118
Conservative,0.2830111065405183,0.38789326961369974,0.452491932592327,0.26345609065155806
Liberal,0.5959156344158018,0.5491891891891892,0.5955176093916755,0.3396764985727878
Libertarian,0.8040973111395646,0.6522988505747126,0.6753054424287301,0.13285340314136126
Republican,0.3393316195372751,0.5254068415808701,0.5961123110151187,0.1315359477124183
democrats,0.3226863226863227,0.15600243753808654,0.40554455445544557,0.0
