accuracy,regParam,elasticNetParam
0.4737838833471355,0.0,0.0
0.47409859284550765,0.0,0.5
0.4737032539918471,0.0,1.0
0.42831107913147953,0.1,0.0
0.24920919802532185,0.1,0.5
0.1629571293539643,0.1,1.0
