,accuracy,smoothing
0,0.31727882393588586,0.0
1,0.3173314503739926,0.5
2,0.31746263416579923,1.0
