,lr,rf,dt,nb
accuracy,0.4882138517618469,0.49635479951397327,0.559902794653706,0.21482381530984204
precision,0.4647283521245718,0.4937255833365928,0.5702570905748529,0.1873416450095719
recall,0.4878510500141012,0.4949309063683965,0.5595009133679681,0.18370169273706297
f1-score,0.47220611516899963,0.4684419127786756,0.557205060247196,0.17708968335971959
support,8230.0,8230.0,8230.0,8230.0
