,lr,rf,dt,nb
politics,0.4866039102099928,0.426458157227388,0.5269645608628659,0.2992021276595745
Conservative,0.3291866028708134,0.4328888888888889,0.44975053456878117,0.25869262865090403
Liberal,0.5466830466830467,0.538135593220339,0.5764462809917356,0.48048452220726784
Libertarian,0.7218390804597701,0.6485714285714286,0.6924829157175398,0.12141148325358851
Republican,0.34554973821989526,0.4867692307692308,0.7427341227125942,0.15160075329566855
democrats,0.35850773430391264,0.42953020134228187,0.43316412859560066,0.0
