,lr,rf,dt,nb
politics,0.4897959183673469,0.7354227405247813,0.7478134110787172,0.49198250728862974
Conservative,0.2481962481962482,0.3513708513708514,0.45526695526695526,0.2683982683982684
Liberal,0.6548933038999264,0.5607064017660044,0.6158940397350994,0.26269315673289184
Libertarian,0.9075144508670521,0.6560693641618497,0.6589595375722543,0.14667630057803469
Republican,0.3333333333333333,0.5707070707070707,0.49783549783549785,0.11616161616161616
democrats,0.2933730454206999,0.0953090096798213,0.3812360387192852,0.0
