,accuracy,numTrees,maxDepth
0,0.33605733495999024,10.0,5.0
1,0.4427055218226463,10.0,10.0
2,0.4177477827315809,20.0,5.0
3,0.49641985530120397,20.0,10.0
4,0.4501075311749374,30.0,5.0
5,0.5169179819184812,30.0,10.0
