,subreddit,border_score,border_score,border_score
sentiment,,negative,neutral,positive
0,Conservative,4.400742530822754,4.282261371612549,4.429995536804199
1,Liberal,4.096076011657715,,4.096075534820557
2,Libertarian,4.096075534820557,,
3,Republican,4.804039478302002,4.973805904388428,4.232610702514648
4,democrats,6.085597515106201,4.096075534820557,4.096075534820557
5,politics,4.242364406585693,4.247782230377197,4.159092903137207
