,subreddit,israel_score,israel_score,israel_score
sentiment,,negative,neutral,positive
0,Conservative,4.336108684539795,,4.173768043518066
1,Liberal,5.2663116455078125,,4.069422721862793
2,Libertarian,5.634585380554199,,
3,Republican,4.4616570472717285,,4.069422721862793
4,democrats,4.853890419006348,4.069422721862793,4.069423198699951
5,politics,4.385980129241943,8.138845443725586,4.069423675537109
