task,model,accuracy,precision,recall,f1_score
Subreddit Prediction,Decision Tree,0.559902794653706,0.5702570905748529,0.5595009133679681,0.557205060247196
Popularity Prediction,Decision Tree,0.7374612142824063,0.5997946657110262,0.5470106217857302,0.5662185803563994
Political Leaning Prediction,Random Forest,0.8320295037997317,0.5827150015839345,0.5401433265827159,0.5572556998286222
Comment Count Prediction,Random Forest,0.7682688550214928,0.6475852328731443,0.6424900984622303,0.6437081331262994