subreddit,count,avg_score,avg_comments
Conservative,27756,54.247514051016,17.459071912379304
Liberal,1078,50.16419294990724,18.7708719851577
Libertarian,561,32.864527629233514,16.996434937611408
Republican,6762,23.785714285714285,5.938036083998817
democrats,8582,94.48007457469122,14.401538103006292
politics,57617,724.8752625093289,85.0787788326362
