subreddit,num_comments,avg_controversiality,score
Conservative,4984,0.061290905803652145,12202
Conservative,4734,0.014308426073131956,501
Conservative,3773,0.029265873015873016,6291
Conservative,3620,0.02840327533265097,0
Conservative,3453,0.09085948158253751,4319
Liberal,330,0.055232558139534885,83
Liberal,314,0.0665083135391924,981
Liberal,313,0.03089887640449438,323
Liberal,310,0.05637982195845697,330
Liberal,284,0.059190031152647975,155
Libertarian,622,0.0234009360374415,924
Libertarian,526,0.16271186440677965,115
Libertarian,525,0.22968197879858657,544
Libertarian,473,0.10720887245841035,1280
Libertarian,387,0,1
Republican,539,0.10106382978723404,290
Republican,399,0.002336448598130841,497
Republican,294,0.26627218934911245,248
Republican,217,0.02252252252252252,285
Republican,217,0.017777777777777778,629
democrats,4574,0.020837763129917076,5942
democrats,1444,0.030405405405405407,1214
democrats,1324,0.04720406681190995,1806
democrats,853,0.05045871559633028,632
democrats,829,0.006944444444444444,3086
politics,54712,0.03587068080738967,12296
politics,43122,0.00970487454404775,89077
politics,34859,0.05980285933247007,33027
politics,28504,0.05411537050011677,55882
politics,25506,0.02771541094629909,31753
