,lr,rf,dt,nb
0,0.773041779860142,0.8236696191410572,0.8678421114266317,0.6459334670608337
1,0.8654542036493853,0.934775620232401,0.9509595580904182,0.6353314286412926
2-9,0.6978544572645924,0.7615188606477781,0.8429345422379477,0.6139483340273628
10-99,0.7693182591569334,0.8525448768656845,0.880721291122708,0.642746391839846
100-999,0.8733666607180466,0.8897697987044647,0.9207958985844069,0.6178602133342787
1000+,0.9584463865292422,0.9364456516988083,0.9625007890156438,0.8170984927809837
