,lr,rf,dt,nb
0,"{'precision': 0.41853512705530643, 'recall': 0.14893617021276595, 'f1-score': 0.21969399764613573, 'support': 1880.0}","{'precision': 0.516, 'recall': 0.06861702127659575, 'f1-score': 0.12112676056338029, 'support': 1880.0}","{'precision': 0.43519140362659503, 'recall': 0.3446808510638298, 'f1-score': 0.3846838824577026, 'support': 1880.0}","{'precision': 0.16550522648083624, 'recall': 0.20212765957446807, 'f1-score': 0.18199233716475097, 'support': 1880.0}"
1,"{'precision': 0.6892226041855135, 'recall': 0.9725129776189261, 'f1-score': 0.8067203162501765, 'support': 11751.0}","{'precision': 0.6394621295279912, 'recall': 0.9914900859501319, 'f1-score': 0.7774849020720029, 'support': 11751.0}","{'precision': 0.8492911833826093, 'recall': 0.9533656710067229, 'f1-score': 0.8983241119397001, 'support': 11751.0}","{'precision': 0.6394793519992509, 'recall': 0.5811420304654923, 'f1-score': 0.6089166295140437, 'support': 11751.0}"
2-9,,,,
10-99,,,,
100-999,,,,
1000+,,,,
