,accuracy,maxDepth,maxBins
0,0.7150836084830632,5.0,10.0
1,0.7181035711596957,5.0,20.0
2,0.7165356995450336,5.0,30.0
3,0.7322475178870338,10.0,10.0
4,0.7348692621852109,10.0,20.0
5,0.7352339565189221,10.0,30.0
6,0.7223437292217444,15.0,10.0
7,0.7248735424273909,15.0,20.0
8,0.7262922174126271,15.0,30.0
