,lr,rf,dt,nb
0,0.21969399764613573,0.12112676056338029,0.3846838824577026,0.18199233716475097
1,0.8067203162501765,0.7774849020720029,0.8983241119397001,0.6089166295140437
2-9,0.00980392156862745,0.010086455331412104,0.29361296472831266,0.14547304170905392
10-99,0.28787454494539344,0.36147246055909216,0.5104551045510455,0.2071167883211679
100-999,0.4691735898557062,0.39161528976572135,0.5951911706740244,0.1658168920416759
1000+,0.7013177159590044,0.4544110399211434,0.7150442477876107,0.37410071942446044
