,feature,importance
0,tfidf,0.0006872109925723192
7,is_trump,0.0004041343174085037
1,num_comments,0.00019284953418166264
13,is_indictment,0.00018917153346450702
5,month,0.00018573316548296123
11,is_israel,0.00018206776472987006
12,is_harris,0.0001739582040909515
2,subreddit_vector,0.00017158684551107377
3,sentiment_vector,0.00014132600509214222
8,is_hunter,0.00013712154290531928
4,year,0.00013593877799827892
10,is_war,4.721537709100526e-05
9,is_border,3.6319520839234835e-05
6,is_biden,0.0
