,accuracy,regParam,elasticNetParam
0,0.6614111253727223,0.0,0.0
1,0.6612365534981658,0.0,0.5
2,0.6613770961725229,0.0,1.0
3,0.5942271540595288,0.01,0.0
4,0.5916627621883987,0.01,0.5
5,0.5970939441388925,0.01,1.0
6,0.5643571268314858,0.1,0.0
7,0.5480635875344904,0.1,0.5
8,0.546675144859915,0.1,1.0
