,accuracy,smoothing
0,0.41548971377504784,0.0
1,0.4159925035768981,0.5
2,0.4163088997721605,1.0
