,lr,rf,dt,nb
accuracy,0.660399203445561,0.6342333163525217,0.7374612142824063,0.4179595239197888
precision,0.5079015933158176,0.6304275082116418,0.5997946657110262,0.2774647339894173
recall,0.3989700981653847,0.32383573776101265,0.5470106217857302,0.2980213249154707
f1-score,0.4157640143708406,0.3526994847021254,0.5662185803563994,0.28056940136252545
support,21593.0,21593.0,21593.0,21593.0
