,lr,rf,dt,nb
0,0.41853512705530643,0.516,0.43519140362659503,0.16550522648083624
1,0.6892226041855135,0.6394621295279912,0.8492911833826093,0.6394793519992509
2-9,0.13725490196078433,0.6363636363636364,0.42718446601941745,0.11193737769080235
10-99,0.503921568627451,0.6148775894538606,0.5350236355822948,0.24768139661756683
100-999,0.5296150049358341,0.5268745852687459,0.5977830562153602,0.19052470708099847
1000+,0.7688603531300161,0.848987108655617,0.7542942494398805,0.30966034406704895
