,lr,rf,dt,nb
0,0.14893617021276595,0.06861702127659575,0.3446808510638298,0.20212765957446807
1,0.9725129776189261,0.9914900859501319,0.9533656710067229,0.5811420304654923
2-9,0.005083514887436456,0.005083514887436456,0.22367465504720407,0.20769789397240376
10-99,0.20148961191689532,0.2559780478243826,0.4880439043512348,0.17796942375539004
100-999,0.42111459968602827,0.3116169544740973,0.5926216640502355,0.14678178963893249
1000+,0.6446837146702558,0.310228802153432,0.6796769851951547,0.47240915208613726
