,accuracy,numTrees,maxDepth
0,0.5496766581140452,10.0,5.0
1,0.5779280893677101,10.0,10.0
2,0.634790600366742,10.0,15.0
3,0.548642464113272,20.0,5.0
4,0.5862384070825968,20.0,10.0
5,0.6615026914343275,20.0,15.0
6,0.5480002244483934,30.0,5.0
7,0.5713438129361604,30.0,10.0
8,0.651521999056261,30.0,15.0
9,0.5478126216782316,40.0,5.0
10,0.5635028198371029,40.0,10.0
11,0.6424198047285598,40.0,15.0
