,accuracy,maxDepth,maxBins
0,0.7811943349843803,5.0,10.0
1,0.7819349328248774,5.0,20.0
2,0.783820609020476,5.0,30.0
3,0.7812804220983922,10.0,10.0
4,0.7849979736961584,10.0,20.0
5,0.7849590640389326,10.0,30.0
6,0.779222007034485,15.0,10.0
7,0.7806231845961015,15.0,20.0
8,0.7804218647202671,15.0,30.0
