,accuracy,numTrees,maxDepth
0,0.7730229868607322,10.0,5.0
1,0.7853526407952701,10.0,10.0
2,0.7858530838993426,10.0,15.0
3,0.7746122670787274,20.0,5.0
4,0.7856594977594806,20.0,10.0
5,0.7872250826254327,20.0,15.0
6,0.772684630654869,30.0,5.0
7,0.786614608907143,30.0,10.0
8,0.7877332897987827,30.0,15.0
9,0.7730768048279097,40.0,5.0
10,0.785773158149505,40.0,10.0
11,0.7882366809387297,40.0,15.0
